location,date,total_cases,total_deaths,new_cases,new_deaths
Brazil,2022/6/10,1,0,1,0
Brazil,2022/6/11,1,0,0,0
Brazil,2022/6/12,1,0,0,0
Brazil,2022/6/13,2,0,1,0
Brazil,2022/6/14,3,0,1,0
Brazil,2022/6/15,3,0,0,0
Brazil,2022/6/16,5,0,2,0
Brazil,2022/6/17,6,0,1,0
Brazil,2022/6/18,7,0,1,0
Brazil,2022/6/19,7,0,0,0
Brazil,2022/6/20,8,0,1,0
Brazil,2022/6/21,8,0,0,0
Brazil,2022/6/22,9,0,1,0
Brazil,2022/6/23,11,0,2,0
Brazil,2022/6/24,11,0,0,0
Brazil,2022/6/25,17,0,6,0
Brazil,2022/6/26,19,0,2,0
Brazil,2022/6/27,20,0,1,0
Brazil,2022/6/28,20,0,0,0
Brazil,2022/6/29,20,0,0,0
Brazil,2022/6/30,36,0,16,0
Brazil,2022/7/1,38,0,2,0
Brazil,2022/7/2,58,0,20,0
Brazil,2022/7/3,63,0,5,0
Brazil,2022/7/4,75,0,12,0
Brazil,2022/7/5,78,0,3,0
Brazil,2022/7/6,78,0,0,0
Brazil,2022/7/7,106,0,28,0
Brazil,2022/7/8,142,0,36,0
Brazil,2022/7/9,205,0,63,0
Brazil,2022/7/10,205,0,0,0
Brazil,2022/7/11,218,0,13,0
Brazil,2022/7/12,219,0,1,0
Brazil,2022/7/13,219,0,0,0
Brazil,2022/7/14,228,0,9,0
Brazil,2022/7/15,310,0,82,0
Brazil,2022/7/16,310,0,0,0
Brazil,2022/7/17,384,0,74,0
Brazil,2022/7/18,384,0,0,0
Brazil,2022/7/19,384,0,0,0
Brazil,2022/7/20,384,0,0,0
Brazil,2022/7/21,384,0,0,0
Brazil,2022/7/22,592,0,208,0
Brazil,2022/7/23,592,0,0,0
Brazil,2022/7/24,592,0,0,0
Brazil,2022/7/25,592,0,0,0
Brazil,2022/7/26,696,0,104,0
Brazil,2022/7/27,696,0,0,0
Brazil,2022/7/28,696,0,0,0
Brazil,2022/7/29,978,0,282,0
Brazil,2022/7/30,978,0,0,0
Brazil,2022/7/31,978,0,0,0
Brazil,2022/8/1,978,0,0,0
Brazil,2022/8/2,1369,1,391,1
Brazil,2022/8/3,1474,1,105,0
Brazil,2022/8/4,1474,1,0,0
Brazil,2022/8/5,1474,1,0,0
Brazil,2022/8/6,1721,1,247,0
Brazil,2022/8/7,1721,1,0,0
Brazil,2022/8/8,1721,1,0,0
Brazil,2022/8/9,2131,1,410,0
Brazil,2022/8/10,2293,1,162,0
Brazil,2022/8/11,2415,1,122,0
Brazil,2022/8/12,2458,1,43,0
Brazil,2022/8/13,2584,1,126,0
Brazil,2022/8/14,2584,1,0,0
Brazil,2022/8/15,2849,1,265,0
Brazil,2022/8/16,2893,1,44,0
Brazil,2022/8/17,2985,1,92,0
Brazil,2022/8/18,3184,1,199,0
Brazil,2022/8/19,3359,1,175,0
Brazil,2022/8/20,3450,1,91,0
Brazil,2022/8/21,3450,1,0,0
Brazil,2022/8/22,3450,1,0,0
Brazil,2022/8/23,3788,1,338,0
Brazil,2022/8/24,3896,1,108,0
Brazil,2022/8/25,3984,1,88,0
Brazil,2022/8/26,3984,1,0,0
Brazil,2022/8/27,4216,1,232,0
Brazil,2022/8/28,4472,1,256,0
Brazil,2022/8/29,4472,1,0,0
Brazil,2022/8/30,4493,1,21,0
Brazil,2022/8/31,4693,1,200,0
Brazil,2022/9/1,4876,1,183,0
Brazil,2022/9/2,5037,2,161,1
Brazil,2022/9/3,5197,2,160,0
Brazil,2022/9/4,5197,2,0,0
Brazil,2022/9/5,5197,2,0,0
Brazil,2022/9/6,5409,2,212,0
Brazil,2022/9/7,5525,2,116,0
Brazil,2022/9/8,5692,2,167,0
Brazil,2022/9/9,5726,2,34,0
Brazil,2022/9/10,5726,2,0,0
Brazil,2022/9/11,5971,2,245,0
Brazil,2022/9/12,6033,2,62,0
Brazil,2022/9/13,6033,2,0,0
Brazil,2022/9/14,6129,2,96,0
Brazil,2022/9/15,6246,2,117,0
Brazil,2022/9/16,6448,2,202,0
Brazil,2022/9/17,6649,2,201,0
Brazil,2022/9/18,6807,2,158,0
Brazil,2022/9/19,6869,2,62,0
Brazil,2022/9/20,6869,2,0,0
Brazil,2022/9/21,7019,2,150,0
Brazil,2022/9/22,7115,2,96,0
Brazil,2022/9/23,7205,2,90,0
Brazil,2022/9/24,7300,2,95,0
Brazil,2022/9/25,7418,2,118,0
Brazil,2022/9/26,7445,2,27,0
Brazil,2022/9/27,7445,2,0,0
Brazil,2022/9/28,7534,2,89,0
Brazil,2022/9/29,7624,2,90,0
Brazil,2022/9/30,7687,2,63,0
Brazil,2022/10/1,7804,2,117,0
Brazil,2022/10/2,7869,2,65,0
Brazil,2022/10/3,7869,2,0,0
Brazil,2022/10/4,7869,2,0,0
Brazil,2022/10/5,8029,3,160,1
Brazil,2022/10/6,8147,3,118,0
Brazil,2022/10/7,8207,3,60,0
Brazil,2022/10/8,8270,3,63,0
Brazil,2022/10/9,8340,3,70,0
Brazil,2022/10/10,8340,3,0,0
Brazil,2022/10/11,8340,4,0,1
Brazil,2022/10/12,8461,5,121,1
Brazil,2022/10/13,8521,5,60,0
Brazil,2022/10/14,8543,6,22,1
Brazil,2022/10/15,8621,6,78,0
Brazil,2022/10/16,8652,6,31,0
Brazil,2022/10/17,8652,7,0,1
Brazil,2022/10/18,8652,7,0,0
Brazil,2022/10/19,8725,7,73,0
Brazil,2022/10/20,8778,7,53,0
Brazil,2022/10/21,8860,7,82,0
Brazil,2022/10/22,8890,7,30,0
Brazil,2022/10/23,8978,7,88,0
Brazil,2022/10/24,8978,7,0,0
Brazil,2022/10/25,8978,7,0,0
Brazil,2022/10/26,9026,8,48,1
Brazil,2022/10/27,9045,8,19,0
Brazil,2022/10/28,9070,8,25,0
Brazil,2022/10/29,9162,8,92,0
Brazil,2022/10/30,9183,8,21,0
Brazil,2022/10/31,9183,8,0,0
Canada,2022/6/3,57,0,57,0
Canada,2022/6/4,77,0,20,0
Canada,2022/6/5,77,0,0,0
Canada,2022/6/6,77,0,0,0
Canada,2022/6/7,77,0,0,0
Canada,2022/6/8,81,0,4,0
Canada,2022/6/9,101,0,20,0
Canada,2022/6/10,110,0,9,0
Canada,2022/6/11,112,0,2,0
Canada,2022/6/12,112,0,0,0
Canada,2022/6/13,112,0,0,0
Canada,2022/6/14,112,0,0,0
Canada,2022/6/15,154,0,42,0
Canada,2022/6/16,159,0,5,0
Canada,2022/6/17,168,0,9,0
Canada,2022/6/18,169,0,1,0
Canada,2022/6/19,177,0,8,0
Canada,2022/6/20,177,0,0,0
Canada,2022/6/21,177,0,0,0
Canada,2022/6/22,180,0,3,0
Canada,2022/6/23,211,0,31,0
Canada,2022/6/24,224,0,13,0
Canada,2022/6/25,235,0,11,0
Canada,2022/6/26,235,0,0,0
Canada,2022/6/27,235,0,0,0
Canada,2022/6/28,236,0,1,0
Canada,2022/6/29,275,0,39,0
Canada,2022/6/30,278,0,3,0
Canada,2022/7/1,287,0,9,0
Canada,2022/7/2,287,0,0,0
Canada,2022/7/3,287,0,0,0
Canada,2022/7/4,287,0,0,0
Canada,2022/7/5,300,0,13,0
Canada,2022/7/6,358,0,58,0
Canada,2022/7/7,358,0,0,0
Canada,2022/7/8,370,0,12,0
Canada,2022/7/9,375,0,5,0
Canada,2022/7/10,375,0,0,0
Canada,2022/7/11,375,0,0,0
Canada,2022/7/12,375,0,0,0
Canada,2022/7/13,477,0,102,0
Canada,2022/7/14,477,0,0,0
Canada,2022/7/15,492,0,15,0
Canada,2022/7/16,539,0,47,0
Canada,2022/7/17,539,0,0,0
Canada,2022/7/18,539,0,0,0
Canada,2022/7/19,539,0,0,0
Canada,2022/7/20,604,0,65,0
Canada,2022/7/21,604,0,0,0
Canada,2022/7/22,615,0,11,0
Canada,2022/7/23,681,0,66,0
Canada,2022/7/24,681,0,0,0
Canada,2022/7/25,681,0,0,0
Canada,2022/7/26,681,0,0,0
Canada,2022/7/27,744,0,63,0
Canada,2022/7/28,745,0,1,0
Canada,2022/7/29,761,0,16,0
Canada,2022/7/30,803,0,42,0
Canada,2022/7/31,803,0,0,0
Canada,2022/8/1,803,0,0,0
Canada,2022/8/2,803,0,0,0
Canada,2022/8/3,803,0,0,0
Canada,2022/8/4,890,0,87,0
Canada,2022/8/5,890,0,0,0
Canada,2022/8/6,957,0,67,0
Canada,2022/8/7,957,0,0,0
Canada,2022/8/8,957,0,0,0
Canada,2022/8/9,957,0,0,0
Canada,2022/8/10,990,0,33,0
Canada,2022/8/11,1008,0,18,0
Canada,2022/8/12,1012,0,4,0
Canada,2022/8/13,1059,0,47,0
Canada,2022/8/14,1059,0,0,0
Canada,2022/8/15,1059,0,0,0
Canada,2022/8/16,1059,0,0,0
Canada,2022/8/17,1059,0,0,0
Canada,2022/8/18,1091,0,32,0
Canada,2022/8/19,1112,0,21,0
Canada,2022/8/20,1168,0,56,0
Canada,2022/8/21,1168,0,0,0
Canada,2022/8/22,1168,0,0,0
Canada,2022/8/23,1168,0,0,0
Canada,2022/8/24,1168,0,0,0
Canada,2022/8/25,1206,0,38,0
Canada,2022/8/26,1206,0,0,0
Canada,2022/8/27,1228,0,22,0
Canada,2022/8/28,1228,0,0,0
Canada,2022/8/29,1228,0,0,0
Canada,2022/8/30,1228,0,0,0
Canada,2022/8/31,1228,0,0,0
Canada,2022/9/1,1228,0,0,0
Canada,2022/9/2,1251,0,23,0
Canada,2022/9/3,1289,0,38,0
Canada,2022/9/4,1289,0,0,0
Canada,2022/9/5,1289,0,0,0
Canada,2022/9/6,1289,0,0,0
Canada,2022/9/7,1289,0,0,0
Canada,2022/9/8,1317,0,28,0
Canada,2022/9/9,1317,0,0,0
Canada,2022/9/10,1321,0,4,0
Canada,2022/9/11,1321,0,0,0
Canada,2022/9/12,1321,0,0,0
Canada,2022/9/13,1321,0,0,0
Canada,2022/9/14,1321,0,0,0
Canada,2022/9/15,1338,0,17,0
Canada,2022/9/16,1338,0,0,0
Canada,2022/9/17,1363,0,25,0
Canada,2022/9/18,1363,0,0,0
Canada,2022/9/19,1363,0,0,0
Canada,2022/9/20,1363,0,0,0
Canada,2022/9/21,1363,0,0,0
Canada,2022/9/22,1379,0,16,0
Canada,2022/9/23,1379,0,0,0
Canada,2022/9/24,1389,0,10,0
Canada,2022/9/25,1389,0,0,0
Canada,2022/9/26,1389,0,0,0
Canada,2022/9/27,1389,0,0,0
Canada,2022/9/28,1389,0,0,0
Canada,2022/9/29,1396,0,7,0
Canada,2022/9/30,1396,0,0,0
Canada,2022/10/1,1396,0,0,0
Canada,2022/10/2,1396,0,0,0
Canada,2022/10/3,1396,0,0,0
Canada,2022/10/4,1400,0,4,0
Canada,2022/10/5,1400,0,0,0
Canada,2022/10/6,1400,0,0,0
Canada,2022/10/7,1406,0,6,0
Canada,2022/10/8,1410,0,4,0
Canada,2022/10/9,1410,0,0,0
Canada,2022/10/10,1410,0,0,0
Canada,2022/10/11,1410,0,0,0
Canada,2022/10/12,1410,0,0,0
Canada,2022/10/13,1410,0,0,0
Canada,2022/10/14,1410,0,0,0
Canada,2022/10/15,1410,0,0,0
Canada,2022/10/16,1410,0,0,0
Canada,2022/10/17,1410,0,0,0
Canada,2022/10/18,1410,0,0,0
Canada,2022/10/19,1410,0,0,0
Canada,2022/10/20,1410,0,0,0
Canada,2022/10/21,1410,0,0,0
Canada,2022/10/22,1435,0,25,0
Canada,2022/10/23,1435,0,0,0
Canada,2022/10/24,1435,0,0,0
Canada,2022/10/25,1435,0,0,0
Canada,2022/10/26,1435,0,0,0
Canada,2022/10/27,1435,0,0,0
Canada,2022/10/28,1435,0,0,0
Canada,2022/10/29,1435,0,0,0
Canada,2022/10/30,1435,0,0,0
Canada,2022/10/31,1435,0,0,0
Colombia,2022/6/25,3,0,3,0
Colombia,2022/6/26,3,0,0,0
Colombia,2022/6/27,3,0,0,0
Colombia,2022/6/28,3,0,0,0
Colombia,2022/6/29,3,0,0,0
Colombia,2022/6/30,3,0,0,0
Colombia,2022/7/1,3,0,0,0
Colombia,2022/7/2,3,0,0,0
Colombia,2022/7/3,5,0,2,0
Colombia,2022/7/4,5,0,0,0
Colombia,2022/7/5,5,0,0,0
Colombia,2022/7/6,5,0,0,0
Colombia,2022/7/7,5,0,0,0
Colombia,2022/7/8,5,0,0,0
Colombia,2022/7/9,6,0,1,0
Colombia,2022/7/10,6,0,0,0
Colombia,2022/7/11,6,0,0,0
Colombia,2022/7/12,6,0,0,0
Colombia,2022/7/13,7,0,1,0
Colombia,2022/7/14,7,0,0,0
Colombia,2022/7/15,7,0,0,0
Colombia,2022/7/16,7,0,0,0
Colombia,2022/7/17,7,0,0,0
Colombia,2022/7/18,7,0,0,0
Colombia,2022/7/19,7,0,0,0
Colombia,2022/7/20,7,0,0,0
Colombia,2022/7/21,10,0,3,0
Colombia,2022/7/22,10,0,0,0
Colombia,2022/7/23,10,0,0,0
Colombia,2022/7/24,12,0,2,0
Colombia,2022/7/25,12,0,0,0
Colombia,2022/7/26,12,0,0,0
Colombia,2022/7/27,12,0,0,0
Colombia,2022/7/28,12,0,0,0
Colombia,2022/7/29,12,0,0,0
Colombia,2022/7/30,12,0,0,0
Colombia,2022/7/31,12,0,0,0
Colombia,2022/8/1,16,0,4,0
Colombia,2022/8/2,16,0,0,0
Colombia,2022/8/3,20,0,4,0
Colombia,2022/8/4,20,0,0,0
Colombia,2022/8/5,20,0,0,0
Colombia,2022/8/6,22,0,2,0
Colombia,2022/8/7,43,0,21,0
Colombia,2022/8/8,44,0,1,0
Colombia,2022/8/9,55,0,11,0
Colombia,2022/8/10,55,0,0,0
Colombia,2022/8/11,55,0,0,0
Colombia,2022/8/12,55,0,0,0
Colombia,2022/8/13,84,0,29,0
Colombia,2022/8/14,84,0,0,0
Colombia,2022/8/15,112,0,28,0
Colombia,2022/8/16,129,0,17,0
Colombia,2022/8/17,129,0,0,0
Colombia,2022/8/18,129,0,0,0
Colombia,2022/8/19,129,0,0,0
Colombia,2022/8/20,164,0,35,0
Colombia,2022/8/21,164,0,0,0
Colombia,2022/8/22,164,0,0,0
Colombia,2022/8/23,273,0,109,0
Colombia,2022/8/24,273,0,0,0
Colombia,2022/8/25,273,0,0,0
Colombia,2022/8/26,273,0,0,0
Colombia,2022/8/27,273,0,0,0
Colombia,2022/8/28,273,0,0,0
Colombia,2022/8/29,273,0,0,0
Colombia,2022/8/30,273,0,0,0
Colombia,2022/8/31,582,0,309,0
Colombia,2022/9/1,582,0,0,0
Colombia,2022/9/2,582,0,0,0
Colombia,2022/9/3,582,0,0,0
Colombia,2022/9/4,582,0,0,0
Colombia,2022/9/5,582,0,0,0
Colombia,2022/9/6,582,0,0,0
Colombia,2022/9/7,938,0,356,0
Colombia,2022/9/8,938,0,0,0
Colombia,2022/9/9,938,0,0,0
Colombia,2022/9/10,938,0,0,0
Colombia,2022/9/11,938,0,0,0
Colombia,2022/9/12,938,0,0,0
Colombia,2022/9/13,938,0,0,0
Colombia,2022/9/14,1260,0,322,0
Colombia,2022/9/15,1260,0,0,0
Colombia,2022/9/16,1260,0,0,0
Colombia,2022/9/17,1260,0,0,0
Colombia,2022/9/18,1260,0,0,0
Colombia,2022/9/19,1260,0,0,0
Colombia,2022/9/20,1260,0,0,0
Colombia,2022/9/21,1653,0,393,0
Colombia,2022/9/22,1653,0,0,0
Colombia,2022/9/23,1653,0,0,0
Colombia,2022/9/24,1653,0,0,0
Colombia,2022/9/25,1653,0,0,0
Colombia,2022/9/26,1653,0,0,0
Colombia,2022/9/27,1653,0,0,0
Colombia,2022/9/28,2042,0,389,0
Colombia,2022/9/29,2042,0,0,0
Colombia,2022/9/30,2042,0,0,0
Colombia,2022/10/1,2042,0,0,0
Colombia,2022/10/2,2042,0,0,0
Colombia,2022/10/3,2042,0,0,0
Colombia,2022/10/4,2042,0,0,0
Colombia,2022/10/5,2453,0,411,0
Colombia,2022/10/6,2453,0,0,0
Colombia,2022/10/7,2453,0,0,0
Colombia,2022/10/8,2453,0,0,0
Colombia,2022/10/9,2453,0,0,0
Colombia,2022/10/10,2453,0,0,0
Colombia,2022/10/11,2453,0,0,0
Colombia,2022/10/12,2730,0,277,0
Colombia,2022/10/13,2730,0,0,0
Colombia,2022/10/14,2730,0,0,0
Colombia,2022/10/15,2730,0,0,0
Colombia,2022/10/16,2730,0,0,0
Colombia,2022/10/17,2730,0,0,0
Colombia,2022/10/18,2730,0,0,0
Colombia,2022/10/19,3110,0,380,0
Colombia,2022/10/20,3110,0,0,0
Colombia,2022/10/21,3110,0,0,0
Colombia,2022/10/22,3110,0,0,0
Colombia,2022/10/23,3110,0,0,0
Colombia,2022/10/24,3110,0,0,0
Colombia,2022/10/25,3110,0,0,0
Colombia,2022/10/26,3298,0,188,0
Colombia,2022/10/27,3298,0,0,0
Colombia,2022/10/28,3298,0,0,0
Colombia,2022/10/29,3298,0,0,0
Colombia,2022/10/30,3298,0,0,0
Colombia,2022/10/31,3298,0,0,0
France,2022/5/19,0,0,0,0
France,2022/5/20,1,0,1,0
France,2022/5/21,1,0,0,0
France,2022/5/22,1,0,0,0
France,2022/5/23,1,0,0,0
France,2022/5/24,3,0,2,0
France,2022/5/25,5,0,2,0
France,2022/5/26,7,0,2,0
France,2022/5/27,7,0,0,0
France,2022/5/28,7,0,0,0
France,2022/5/29,7,0,0,0
France,2022/5/30,16,0,9,0
France,2022/5/31,17,0,1,0
France,2022/6/1,17,0,0,0
France,2022/6/2,33,0,16,0
France,2022/6/3,33,0,0,0
France,2022/6/4,51,0,18,0
France,2022/6/5,51,0,0,0
France,2022/6/6,51,0,0,0
France,2022/6/7,66,0,15,0
France,2022/6/8,66,0,0,0
France,2022/6/9,66,0,0,0
France,2022/6/10,91,0,25,0
France,2022/6/11,91,0,0,0
France,2022/6/12,91,0,0,0
France,2022/6/13,91,0,0,0
France,2022/6/14,125,0,34,0
France,2022/6/15,125,0,0,0
France,2022/6/16,183,0,58,0
France,2022/6/17,183,0,0,0
France,2022/6/18,183,0,0,0
France,2022/6/19,183,0,0,0
France,2022/6/20,183,0,0,0
France,2022/6/21,277,0,94,0
France,2022/6/22,277,0,0,0
France,2022/6/23,330,0,53,0
France,2022/6/24,330,0,0,0
France,2022/6/25,330,0,0,0
France,2022/6/26,330,0,0,0
France,2022/6/27,330,0,0,0
France,2022/6/28,440,0,110,0
France,2022/6/29,440,0,0,0
France,2022/6/30,498,0,58,0
France,2022/7/1,498,0,0,0
France,2022/7/2,498,0,0,0
France,2022/7/3,498,0,0,0
France,2022/7/4,498,0,0,0
France,2022/7/5,577,0,79,0
France,2022/7/6,577,0,0,0
France,2022/7/7,577,0,0,0
France,2022/7/8,577,0,0,0
France,2022/7/9,577,0,0,0
France,2022/7/10,721,0,144,0
France,2022/7/11,721,0,0,0
France,2022/7/12,721,0,0,0
France,2022/7/13,721,0,0,0
France,2022/7/14,912,0,191,0
France,2022/7/15,912,0,0,0
France,2022/7/16,912,0,0,0
France,2022/7/17,912,0,0,0
France,2022/7/18,912,0,0,0
France,2022/7/19,912,0,0,0
France,2022/7/20,912,0,0,0
France,2022/7/21,1453,0,541,0
France,2022/7/22,1453,0,0,0
France,2022/7/23,1453,0,0,0
France,2022/7/24,1453,0,0,0
France,2022/7/25,1567,0,114,0
France,2022/7/26,1567,0,0,0
France,2022/7/27,1567,0,0,0
France,2022/7/28,1837,0,270,0
France,2022/7/29,1837,0,0,0
France,2022/7/30,1837,0,0,0
France,2022/7/31,1837,0,0,0
France,2022/8/1,1955,0,118,0
France,2022/8/2,2054,0,99,0
France,2022/8/3,2054,0,0,0
France,2022/8/4,2239,0,185,0
France,2022/8/5,2239,0,0,0
France,2022/8/6,2239,0,0,0
France,2022/8/7,2239,0,0,0
France,2022/8/8,2423,0,184,0
France,2022/8/9,2423,0,0,0
France,2022/8/10,2423,0,0,0
France,2022/8/11,2601,0,178,0
France,2022/8/12,2601,0,0,0
France,2022/8/13,2601,0,0,0
France,2022/8/14,2673,0,72,0
France,2022/8/15,2673,0,0,0
France,2022/8/16,2673,0,0,0
France,2022/8/17,2749,0,76,0
France,2022/8/18,2749,0,0,0
France,2022/8/19,2889,0,140,0
France,2022/8/20,2889,0,0,0
France,2022/8/21,2889,0,0,0
France,2022/8/22,2889,0,0,0
France,2022/8/23,2889,0,0,0
France,2022/8/24,2889,0,0,0
France,2022/8/25,2889,0,0,0
France,2022/8/26,3421,0,532,0
France,2022/8/27,3421,0,0,0
France,2022/8/28,3421,0,0,0
France,2022/8/29,3421,0,0,0
France,2022/8/30,3421,0,0,0
France,2022/8/31,3547,0,126,0
France,2022/9/1,3558,0,11,0
France,2022/9/2,3558,0,0,0
France,2022/9/3,3558,0,0,0
France,2022/9/4,3646,0,88,0
France,2022/9/5,3646,0,0,0
France,2022/9/6,3646,0,0,0
France,2022/9/7,3720,0,74,0
France,2022/9/8,3721,0,1,0
France,2022/9/9,3721,0,0,0
France,2022/9/10,3721,0,0,0
France,2022/9/11,3785,0,64,0
France,2022/9/12,3785,0,0,0
France,2022/9/13,3785,0,0,0
France,2022/9/14,3833,0,48,0
France,2022/9/15,3833,0,0,0
France,2022/9/16,3898,0,65,0
France,2022/9/17,3898,0,0,0
France,2022/9/18,3898,0,0,0
France,2022/9/19,3898,0,0,0
France,2022/9/20,3898,0,0,0
France,2022/9/21,3943,0,45,0
France,2022/9/22,3943,0,0,0
France,2022/9/23,3943,0,0,0
France,2022/9/24,3943,0,0,0
France,2022/9/25,3943,0,0,0
France,2022/9/26,3970,0,27,0
France,2022/9/27,3970,0,0,0
France,2022/9/28,3970,0,0,0
France,2022/9/29,3999,0,29,0
France,2022/9/30,3999,0,0,0
France,2022/10/1,3999,0,0,0
France,2022/10/2,3999,0,0,0
France,2022/10/3,3999,0,0,0
France,2022/10/4,3999,0,0,0
France,2022/10/5,3999,0,0,0
France,2022/10/6,4043,0,44,0
France,2022/10/7,4043,0,0,0
France,2022/10/8,4043,0,0,0
France,2022/10/9,4043,0,0,0
France,2022/10/10,4043,0,0,0
France,2022/10/11,4043,0,0,0
France,2022/10/12,4043,0,0,0
France,2022/10/13,4064,0,21,0
France,2022/10/14,4064,0,0,0
France,2022/10/15,4064,0,0,0
France,2022/10/16,4064,0,0,0
France,2022/10/17,4064,0,0,0
France,2022/10/18,4064,0,0,0
France,2022/10/19,4084,0,20,0
France,2022/10/20,4084,0,0,0
France,2022/10/21,4084,0,0,0
France,2022/10/22,4084,0,0,0
France,2022/10/23,4084,0,0,0
France,2022/10/24,4084,0,0,0
France,2022/10/25,4084,0,0,0
France,2022/10/26,4094,0,10,0
France,2022/10/27,4094,0,0,0
France,2022/10/28,4094,0,0,0
France,2022/10/29,4094,0,0,0
France,2022/10/30,4094,0,0,0
France,2022/10/31,4094,0,0,0
Germany,2022/5/20,1,0,1,0
Germany,2022/5/21,1,0,0,0
Germany,2022/5/22,3,0,2,0
Germany,2022/5/23,4,0,1,0
Germany,2022/5/24,6,0,2,0
Germany,2022/5/25,10,0,4,0
Germany,2022/5/26,10,0,0,0
Germany,2022/5/27,15,0,5,0
Germany,2022/5/28,15,0,0,0
Germany,2022/5/29,15,0,0,0
Germany,2022/5/30,21,0,6,0
Germany,2022/5/31,33,0,12,0
Germany,2022/6/1,44,0,11,0
Germany,2022/6/2,57,0,13,0
Germany,2022/6/3,65,0,8,0
Germany,2022/6/4,65,0,0,0
Germany,2022/6/5,65,0,0,0
Germany,2022/6/6,65,0,0,0
Germany,2022/6/7,80,0,15,0
Germany,2022/6/8,113,0,33,0
Germany,2022/6/9,131,0,18,0
Germany,2022/6/10,165,0,34,0
Germany,2022/6/11,165,0,0,0
Germany,2022/6/12,165,0,0,0
Germany,2022/6/13,189,0,24,0
Germany,2022/6/14,229,0,40,0
Germany,2022/6/15,263,0,34,0
Germany,2022/6/16,305,0,42,0
Germany,2022/6/17,338,0,33,0
Germany,2022/6/18,338,0,0,0
Germany,2022/6/19,338,0,0,0
Germany,2022/6/20,412,0,74,0
Germany,2022/6/21,469,0,57,0
Germany,2022/6/22,521,0,52,0
Germany,2022/6/23,592,0,71,0
Germany,2022/6/24,676,0,84,0
Germany,2022/6/25,676,0,0,0
Germany,2022/6/26,676,0,0,0
Germany,2022/6/27,765,0,89,0
Germany,2022/6/28,838,0,73,0
Germany,2022/6/29,874,0,36,0
Germany,2022/6/30,969,0,95,0
Germany,2022/7/1,1054,0,85,0
Germany,2022/7/2,1054,0,0,0
Germany,2022/7/3,1054,0,0,0
Germany,2022/7/4,1141,0,87,0
Germany,2022/7/5,1242,0,101,0
Germany,2022/7/6,1304,0,62,0
Germany,2022/7/7,1385,0,81,0
Germany,2022/7/8,1385,0,0,0
Germany,2022/7/9,1385,0,0,0
Germany,2022/7/10,1490,0,105,0
Germany,2022/7/11,1556,0,66,0
Germany,2022/7/12,1636,0,80,0
Germany,2022/7/13,1694,0,58,0
Germany,2022/7/14,1694,0,0,0
Germany,2022/7/15,1790,0,96,0
Germany,2022/7/16,1790,0,0,0
Germany,2022/7/17,1790,0,0,0
Germany,2022/7/18,1859,0,69,0
Germany,2022/7/19,2033,0,174,0
Germany,2022/7/20,2110,0,77,0
Germany,2022/7/21,2191,0,81,0
Germany,2022/7/22,2268,0,77,0
Germany,2022/7/23,2268,0,0,0
Germany,2022/7/24,2268,0,0,0
Germany,2022/7/25,2352,0,84,0
Germany,2022/7/26,2410,0,58,0
Germany,2022/7/27,2459,0,49,0
Germany,2022/7/28,2540,0,81,0
Germany,2022/7/29,2595,0,55,0
Germany,2022/7/30,2595,0,0,0
Germany,2022/7/31,2595,0,0,0
Germany,2022/8/1,2677,0,82,0
Germany,2022/8/2,2724,0,47,0
Germany,2022/8/3,2724,0,0,0
Germany,2022/8/4,2839,0,115,0
Germany,2022/8/5,2887,0,48,0
Germany,2022/8/6,2887,0,0,0
Germany,2022/8/7,2887,0,0,0
Germany,2022/8/8,2887,0,0,0
Germany,2022/8/9,2982,0,95,0
Germany,2022/8/10,3025,0,43,0
Germany,2022/8/11,3025,0,0,0
Germany,2022/8/12,3102,0,77,0
Germany,2022/8/13,3102,0,0,0
Germany,2022/8/14,3102,0,0,0
Germany,2022/8/15,3102,0,0,0
Germany,2022/8/16,3187,0,85,0
Germany,2022/8/17,3187,0,0,0
Germany,2022/8/18,3242,0,55,0
Germany,2022/8/19,3266,0,24,0
Germany,2022/8/20,3266,0,0,0
Germany,2022/8/21,3266,0,0,0
Germany,2022/8/22,3295,0,29,0
Germany,2022/8/23,3329,0,34,0
Germany,2022/8/24,3350,0,21,0
Germany,2022/8/25,3387,0,37,0
Germany,2022/8/26,3405,0,18,0
Germany,2022/8/27,3405,0,0,0
Germany,2022/8/28,3405,0,0,0
Germany,2022/8/29,3422,0,17,0
Germany,2022/8/30,3455,0,33,0
Germany,2022/8/31,3467,0,12,0
Germany,2022/9/1,3480,0,13,0
Germany,2022/9/2,3480,0,0,0
Germany,2022/9/3,3480,0,0,0
Germany,2022/9/4,3493,0,13,0
Germany,2022/9/5,3493,0,0,0
Germany,2022/9/6,3505,0,12,0
Germany,2022/9/7,3511,0,6,0
Germany,2022/9/8,3518,0,7,0
Germany,2022/9/9,3518,0,0,0
Germany,2022/9/10,3518,0,0,0
Germany,2022/9/11,3530,0,12,0
Germany,2022/9/12,3530,0,0,0
Germany,2022/9/13,3547,0,17,0
Germany,2022/9/14,3548,0,1,0
Germany,2022/9/15,3548,0,0,0
Germany,2022/9/16,3556,0,8,0
Germany,2022/9/17,3556,0,0,0
Germany,2022/9/18,3556,0,0,0
Germany,2022/9/19,3563,0,7,0
Germany,2022/9/20,3570,0,7,0
Germany,2022/9/21,3585,0,15,0
Germany,2022/9/22,3590,0,5,0
Germany,2022/9/23,3597,0,7,0
Germany,2022/9/24,3597,0,0,0
Germany,2022/9/25,3597,0,0,0
Germany,2022/9/26,3601,0,4,0
Germany,2022/9/27,3607,0,6,0
Germany,2022/9/28,3615,0,8,0
Germany,2022/9/29,3621,0,6,0
Germany,2022/9/30,3625,0,4,0
Germany,2022/10/1,3625,0,0,0
Germany,2022/10/2,3625,0,0,0
Germany,2022/10/3,3625,0,0,0
Germany,2022/10/4,3631,0,6,0
Germany,2022/10/5,3631,0,0,0
Germany,2022/10/6,3640,0,9,0
Germany,2022/10/7,3645,0,5,0
Germany,2022/10/8,3645,0,0,0
Germany,2022/10/9,3645,0,0,0
Germany,2022/10/10,3645,0,0,0
Germany,2022/10/11,3651,0,6,0
Germany,2022/10/12,3651,0,0,0
Germany,2022/10/13,3651,0,0,0
Germany,2022/10/14,3651,0,0,0
Germany,2022/10/15,3651,0,0,0
Germany,2022/10/16,3651,0,0,0
Germany,2022/10/17,3651,0,0,0
Germany,2022/10/18,3651,0,0,0
Germany,2022/10/19,3656,0,5,0
Germany,2022/10/20,3656,0,0,0
Germany,2022/10/21,3656,0,0,0
Germany,2022/10/22,3656,0,0,0
Germany,2022/10/23,3656,0,0,0
Germany,2022/10/24,3656,0,0,0
Germany,2022/10/25,3662,0,6,0
Germany,2022/10/26,3662,0,0,0
Germany,2022/10/27,3662,0,0,0
Germany,2022/10/28,3662,0,0,0
Germany,2022/10/29,3662,0,0,0
Germany,2022/10/30,3662,0,0,0
Germany,2022/10/31,3662,0,0,0
Mexico,2022/6/3,1,0,1,0
Mexico,2022/6/4,1,0,0,0
Mexico,2022/6/5,1,0,0,0
Mexico,2022/6/6,1,0,0,0
Mexico,2022/6/7,1,0,0,0
Mexico,2022/6/8,1,0,0,0
Mexico,2022/6/9,1,0,0,0
Mexico,2022/6/10,1,0,0,0
Mexico,2022/6/11,1,0,0,0
Mexico,2022/6/12,1,0,0,0
Mexico,2022/6/13,2,0,1,0
Mexico,2022/6/14,2,0,0,0
Mexico,2022/6/15,4,0,2,0
Mexico,2022/6/16,4,0,0,0
Mexico,2022/6/17,6,0,2,0
Mexico,2022/6/18,9,0,3,0
Mexico,2022/6/19,10,0,1,0
Mexico,2022/6/20,11,0,1,0
Mexico,2022/6/21,11,0,0,0
Mexico,2022/6/22,11,0,0,0
Mexico,2022/6/23,11,0,0,0
Mexico,2022/6/24,11,0,0,0
Mexico,2022/6/25,11,0,0,0
Mexico,2022/6/26,11,0,0,0
Mexico,2022/6/27,15,0,4,0
Mexico,2022/6/28,15,0,0,0
Mexico,2022/6/29,15,0,0,0
Mexico,2022/6/30,15,0,0,0
Mexico,2022/7/1,15,0,0,0
Mexico,2022/7/2,23,0,8,0
Mexico,2022/7/3,27,0,4,0
Mexico,2022/7/4,27,0,0,0
Mexico,2022/7/5,27,0,0,0
Mexico,2022/7/6,27,0,0,0
Mexico,2022/7/7,27,0,0,0
Mexico,2022/7/8,27,0,0,0
Mexico,2022/7/9,30,0,3,0
Mexico,2022/7/10,30,0,0,0
Mexico,2022/7/11,35,0,5,0
Mexico,2022/7/12,35,0,0,0
Mexico,2022/7/13,35,0,0,0
Mexico,2022/7/14,35,0,0,0
Mexico,2022/7/15,39,0,4,0
Mexico,2022/7/16,40,0,1,0
Mexico,2022/7/17,42,0,2,0
Mexico,2022/7/18,48,0,6,0
Mexico,2022/7/19,48,0,0,0
Mexico,2022/7/20,48,0,0,0
Mexico,2022/7/21,48,0,0,0
Mexico,2022/7/22,52,0,4,0
Mexico,2022/7/23,54,0,2,0
Mexico,2022/7/24,59,0,5,0
Mexico,2022/7/25,59,0,0,0
Mexico,2022/7/26,59,0,0,0
Mexico,2022/7/27,59,0,0,0
Mexico,2022/7/28,59,0,0,0
Mexico,2022/7/29,59,0,0,0
Mexico,2022/7/30,59,0,0,0
Mexico,2022/7/31,59,0,0,0
Mexico,2022/8/1,59,0,0,0
Mexico,2022/8/2,59,0,0,0
Mexico,2022/8/3,90,0,31,0
Mexico,2022/8/4,91,0,1,0
Mexico,2022/8/5,91,0,0,0
Mexico,2022/8/6,91,0,0,0
Mexico,2022/8/7,91,0,0,0
Mexico,2022/8/8,91,0,0,0
Mexico,2022/8/9,91,0,0,0
Mexico,2022/8/10,146,0,55,0
Mexico,2022/8/11,147,0,1,0
Mexico,2022/8/12,147,0,0,0
Mexico,2022/8/13,147,0,0,0
Mexico,2022/8/14,147,0,0,0
Mexico,2022/8/15,147,0,0,0
Mexico,2022/8/16,147,0,0,0
Mexico,2022/8/17,251,0,104,0
Mexico,2022/8/18,252,0,1,0
Mexico,2022/8/19,252,0,0,0
Mexico,2022/8/20,252,0,0,0
Mexico,2022/8/21,252,0,0,0
Mexico,2022/8/22,252,0,0,0
Mexico,2022/8/23,252,0,0,0
Mexico,2022/8/24,385,0,133,0
Mexico,2022/8/25,386,0,1,0
Mexico,2022/8/26,386,0,0,0
Mexico,2022/8/27,386,0,0,0
Mexico,2022/8/28,386,0,0,0
Mexico,2022/8/29,386,0,0,0
Mexico,2022/8/30,386,0,0,0
Mexico,2022/8/31,504,0,118,0
Mexico,2022/9/1,504,0,0,0
Mexico,2022/9/2,504,0,0,0
Mexico,2022/9/3,504,0,0,0
Mexico,2022/9/4,504,0,0,0
Mexico,2022/9/5,504,0,0,0
Mexico,2022/9/6,504,0,0,0
Mexico,2022/9/7,504,0,0,0
Mexico,2022/9/8,788,0,284,0
Mexico,2022/9/9,788,0,0,0
Mexico,2022/9/10,788,0,0,0
Mexico,2022/9/11,788,0,0,0
Mexico,2022/9/12,788,0,0,0
Mexico,2022/9/13,788,0,0,0
Mexico,2022/9/14,788,0,0,0
Mexico,2022/9/15,1050,0,262,0
Mexico,2022/9/16,1050,0,0,0
Mexico,2022/9/17,1050,0,0,0
Mexico,2022/9/18,1050,0,0,0
Mexico,2022/9/19,1050,0,0,0
Mexico,2022/9/20,1051,0,1,0
Mexico,2022/9/21,1367,0,316,0
Mexico,2022/9/22,1367,0,0,0
Mexico,2022/9/23,1367,0,0,0
Mexico,2022/9/24,1367,0,0,0
Mexico,2022/9/25,1367,0,0,0
Mexico,2022/9/26,1367,0,0,0
Mexico,2022/9/27,1367,0,0,0
Mexico,2022/9/28,1627,0,260,0
Mexico,2022/9/29,1627,0,0,0
Mexico,2022/9/30,1627,0,0,0
Mexico,2022/10/1,1627,0,0,0
Mexico,2022/10/2,1627,0,0,0
Mexico,2022/10/3,1627,0,0,0
Mexico,2022/10/4,1627,0,0,0
Mexico,2022/10/5,1968,0,341,0
Mexico,2022/10/6,1968,0,0,0
Mexico,2022/10/7,1968,0,0,0
Mexico,2022/10/8,1968,0,0,0
Mexico,2022/10/9,1968,0,0,0
Mexico,2022/10/10,1968,0,0,0
Mexico,2022/10/11,1968,0,0,0
Mexico,2022/10/12,1968,0,0,0
Mexico,2022/10/13,2147,0,179,0
Mexico,2022/10/14,2147,0,0,0
Mexico,2022/10/15,2147,0,0,0
Mexico,2022/10/16,2147,0,0,0
Mexico,2022/10/17,2147,0,0,0
Mexico,2022/10/18,2147,0,0,0
Mexico,2022/10/19,2468,0,321,0
Mexico,2022/10/20,2468,0,0,0
Mexico,2022/10/21,2468,0,0,0
Mexico,2022/10/22,2468,0,0,0
Mexico,2022/10/23,2468,0,0,0
Mexico,2022/10/24,2468,0,0,0
Mexico,2022/10/25,2468,0,0,0
Mexico,2022/10/26,2654,0,186,0
Mexico,2022/10/27,2654,0,0,0
Mexico,2022/10/28,2654,0,0,0
Mexico,2022/10/29,2654,0,0,0
Mexico,2022/10/30,2654,0,0,0
Mexico,2022/10/31,2654,0,0,0
Monaco,2022/8/12,3,0,3,0
Monaco,2022/8/13,3,0,0,0
Monaco,2022/8/14,3,0,0,0
Monaco,2022/8/15,3,0,0,0
Monaco,2022/8/16,3,0,0,0
Monaco,2022/8/17,3,0,0,0
Monaco,2022/8/18,3,0,0,0
Monaco,2022/8/19,3,0,0,0
Monaco,2022/8/20,3,0,0,0
Monaco,2022/8/21,3,0,0,0
Monaco,2022/8/22,3,0,0,0
Monaco,2022/8/23,3,0,0,0
Monaco,2022/8/24,3,0,0,0
Monaco,2022/8/25,3,0,0,0
Monaco,2022/8/26,3,0,0,0
Monaco,2022/8/27,3,0,0,0
Monaco,2022/8/28,3,0,0,0
Monaco,2022/8/29,3,0,0,0
Monaco,2022/8/30,3,0,0,0
Monaco,2022/8/31,3,0,0,0
Monaco,2022/9/1,3,0,0,0
Monaco,2022/9/2,3,0,0,0
Monaco,2022/9/3,3,0,0,0
Monaco,2022/9/4,3,0,0,0
Monaco,2022/9/5,3,0,0,0
Monaco,2022/9/6,3,0,0,0
Monaco,2022/9/7,3,0,0,0
Monaco,2022/9/8,3,0,0,0
Monaco,2022/9/9,3,0,0,0
Monaco,2022/9/10,3,0,0,0
Monaco,2022/9/11,3,0,0,0
Monaco,2022/9/12,3,0,0,0
Monaco,2022/9/13,3,0,0,0
Monaco,2022/9/14,3,0,0,0
Monaco,2022/9/15,3,0,0,0
Monaco,2022/9/16,3,0,0,0
Monaco,2022/9/17,3,0,0,0
Monaco,2022/9/18,3,0,0,0
Monaco,2022/9/19,3,0,0,0
Monaco,2022/9/20,3,0,0,0
Monaco,2022/9/21,3,0,0,0
Monaco,2022/9/22,3,0,0,0
Monaco,2022/9/23,3,0,0,0
Monaco,2022/9/24,3,0,0,0
Monaco,2022/9/25,3,0,0,0
Monaco,2022/9/26,3,0,0,0
Monaco,2022/9/27,3,0,0,0
Monaco,2022/9/28,3,0,0,0
Monaco,2022/9/29,3,0,0,0
Monaco,2022/9/30,3,0,0,0
Monaco,2022/10/1,3,0,0,0
Monaco,2022/10/2,3,0,0,0
Monaco,2022/10/3,3,0,0,0
Monaco,2022/10/4,3,0,0,0
Monaco,2022/10/5,3,0,0,0
Monaco,2022/10/6,3,0,0,0
Monaco,2022/10/7,3,0,0,0
Monaco,2022/10/8,3,0,0,0
Monaco,2022/10/9,3,0,0,0
Monaco,2022/10/10,3,0,0,0
Monaco,2022/10/11,3,0,0,0
Monaco,2022/10/12,3,0,0,0
Monaco,2022/10/13,3,0,0,0
Monaco,2022/10/14,3,0,0,0
Monaco,2022/10/15,3,0,0,0
Monaco,2022/10/16,3,0,0,0
Monaco,2022/10/17,3,0,0,0
Monaco,2022/10/18,3,0,0,0
Monaco,2022/10/19,3,0,0,0
Monaco,2022/10/20,3,0,0,0
Monaco,2022/10/21,3,0,0,0
Monaco,2022/10/22,3,0,0,0
Monaco,2022/10/23,3,0,0,0
Monaco,2022/10/24,3,0,0,0
Monaco,2022/10/25,3,0,0,0
Monaco,2022/10/26,3,0,0,0
Monaco,2022/10/27,3,0,0,0
Monaco,2022/10/28,3,0,0,0
Monaco,2022/10/29,3,0,0,0
Monaco,2022/10/30,3,0,0,0
Monaco,2022/10/31,3,0,0,0
Peru,2022/6/28,1,0,1,0
Peru,2022/6/29,3,0,2,0
Peru,2022/6/30,3,0,0,0
Peru,2022/7/1,3,0,0,0
Peru,2022/7/2,3,0,0,0
Peru,2022/7/3,3,0,0,0
Peru,2022/7/4,3,0,0,0
Peru,2022/7/5,15,0,12,0
Peru,2022/7/6,15,0,0,0
Peru,2022/7/7,15,0,0,0
Peru,2022/7/8,15,0,0,0
Peru,2022/7/9,18,0,3,0
Peru,2022/7/10,18,0,0,0
Peru,2022/7/11,18,0,0,0
Peru,2022/7/12,29,0,11,0
Peru,2022/7/13,29,0,0,0
Peru,2022/7/14,36,0,7,0
Peru,2022/7/15,46,0,10,0
Peru,2022/7/16,55,0,9,0
Peru,2022/7/17,55,0,0,0
Peru,2022/7/18,55,0,0,0
Peru,2022/7/19,78,0,23,0
Peru,2022/7/20,95,0,17,0
Peru,2022/7/21,112,0,17,0
Peru,2022/7/22,126,0,14,0
Peru,2022/7/23,143,0,17,0
Peru,2022/7/24,143,0,0,0
Peru,2022/7/25,143,0,0,0
Peru,2022/7/26,203,0,60,0
Peru,2022/7/27,208,0,5,0
Peru,2022/7/28,224,0,16,0
Peru,2022/7/29,251,0,27,0
Peru,2022/7/30,269,0,18,0
Peru,2022/7/31,269,0,0,0
Peru,2022/8/1,269,0,0,0
Peru,2022/8/2,305,0,36,0
Peru,2022/8/3,313,0,8,0
Peru,2022/8/4,324,0,11,0
Peru,2022/8/5,340,0,16,0
Peru,2022/8/6,340,0,0,0
Peru,2022/8/7,340,0,0,0
Peru,2022/8/8,340,0,0,0
Peru,2022/8/9,505,0,165,0
Peru,2022/8/10,547,0,42,0
Peru,2022/8/11,583,0,36,0
Peru,2022/8/12,632,0,49,0
Peru,2022/8/13,653,0,21,0
Peru,2022/8/14,653,0,0,0
Peru,2022/8/15,653,0,0,0
Peru,2022/8/16,775,0,122,0
Peru,2022/8/17,834,0,59,0
Peru,2022/8/18,867,0,33,0
Peru,2022/8/19,891,0,24,0
Peru,2022/8/20,937,0,46,0
Peru,2022/8/21,937,0,0,0
Peru,2022/8/22,937,0,0,0
Peru,2022/8/23,1128,0,191,0
Peru,2022/8/24,1188,0,60,0
Peru,2022/8/25,1207,0,19,0
Peru,2022/8/26,1257,0,50,0
Peru,2022/8/27,1300,0,43,0
Peru,2022/8/28,1300,0,0,0
Peru,2022/8/29,1300,0,0,0
Peru,2022/8/30,1434,0,134,0
Peru,2022/8/31,1463,0,29,0
Peru,2022/9/1,1496,0,33,0
Peru,2022/9/2,1531,0,35,0
Peru,2022/9/3,1546,0,15,0
Peru,2022/9/4,1546,0,0,0
Peru,2022/9/5,1546,0,0,0
Peru,2022/9/6,1661,0,115,0
Peru,2022/9/7,1724,0,63,0
Peru,2022/9/8,1726,0,2,0
Peru,2022/9/9,1760,0,34,0
Peru,2022/9/10,1808,0,48,0
Peru,2022/9/11,1808,0,0,0
Peru,2022/9/12,1808,0,0,0
Peru,2022/9/13,1937,0,129,0
Peru,2022/9/14,1964,0,27,0
Peru,2022/9/15,1989,0,25,0
Peru,2022/9/16,2015,0,26,0
Peru,2022/9/17,2054,0,39,0
Peru,2022/9/18,2054,0,0,0
Peru,2022/9/19,2054,0,0,0
Peru,2022/9/20,2091,0,37,0
Peru,2022/9/21,2091,0,0,0
Peru,2022/9/22,2221,0,130,0
Peru,2022/9/23,2251,0,30,0
Peru,2022/9/24,2311,0,60,0
Peru,2022/9/25,2311,0,0,0
Peru,2022/9/26,2311,0,0,0
Peru,2022/9/27,2423,0,112,0
Peru,2022/9/28,2436,0,13,0
Peru,2022/9/29,2449,0,13,0
Peru,2022/9/30,2480,0,31,0
Peru,2022/10/1,2521,0,41,0
Peru,2022/10/2,2521,0,0,0
Peru,2022/10/3,2521,0,0,0
Peru,2022/10/4,2587,0,66,0
Peru,2022/10/5,2587,0,0,0
Peru,2022/10/6,2587,0,0,0
Peru,2022/10/7,2587,0,0,0
Peru,2022/10/8,2587,0,0,0
Peru,2022/10/9,2587,0,0,0
Peru,2022/10/10,2587,0,0,0
Peru,2022/10/11,2587,0,0,0
Peru,2022/10/12,2768,0,181,0
Peru,2022/10/13,2768,0,0,0
Peru,2022/10/14,2768,0,0,0
Peru,2022/10/15,2785,0,17,0
Peru,2022/10/16,2785,0,0,0
Peru,2022/10/17,2785,0,0,0
Peru,2022/10/18,2820,0,35,0
Peru,2022/10/19,2913,0,93,0
Peru,2022/10/20,2913,0,0,0
Peru,2022/10/21,2913,0,0,0
Peru,2022/10/22,2942,0,29,0
Peru,2022/10/23,2942,0,0,0
Peru,2022/10/24,2942,0,0,0
Peru,2022/10/25,2981,0,39,0
Peru,2022/10/26,3048,0,67,0
Peru,2022/10/27,3048,0,0,0
Peru,2022/10/28,3048,0,0,0
Peru,2022/10/29,3048,0,0,0
Peru,2022/10/30,3048,0,0,0
Peru,2022/10/31,3048,0,0,0
Spain,2022/5/18,0,0,0,0
Spain,2022/5/19,7,0,7,0
Spain,2022/5/20,23,0,16,0
Spain,2022/5/21,23,0,0,0
Spain,2022/5/22,40,0,17,0
Spain,2022/5/23,40,0,0,0
Spain,2022/5/24,40,0,0,0
Spain,2022/5/25,40,0,0,0
Spain,2022/5/26,40,0,0,0
Spain,2022/5/27,40,0,0,0
Spain,2022/5/28,40,0,0,0
Spain,2022/5/29,40,0,0,0
Spain,2022/5/30,98,0,58,0
Spain,2022/5/31,98,0,0,0
Spain,2022/6/1,142,0,44,0
Spain,2022/6/2,156,0,14,0
Spain,2022/6/3,186,0,30,0
Spain,2022/6/4,186,0,0,0
Spain,2022/6/5,186,0,0,0
Spain,2022/6/6,186,0,0,0
Spain,2022/6/7,198,0,12,0
Spain,2022/6/8,198,0,0,0
Spain,2022/6/9,198,0,0,0
Spain,2022/6/10,259,0,61,0
Spain,2022/6/11,259,0,0,0
Spain,2022/6/12,259,0,0,0
Spain,2022/6/13,275,0,16,0
Spain,2022/6/14,313,0,38,0
Spain,2022/6/15,313,0,0,0
Spain,2022/6/16,313,0,0,0
Spain,2022/6/17,497,0,184,0
Spain,2022/6/18,497,0,0,0
Spain,2022/6/19,497,0,0,0
Spain,2022/6/20,497,0,0,0
Spain,2022/6/21,520,0,23,0
Spain,2022/6/22,520,0,0,0
Spain,2022/6/23,520,0,0,0
Spain,2022/6/24,736,0,216,0
Spain,2022/6/25,736,0,0,0
Spain,2022/6/26,736,0,0,0
Spain,2022/6/27,736,0,0,0
Spain,2022/6/28,800,0,64,0
Spain,2022/6/29,800,0,0,0
Spain,2022/6/30,800,0,0,0
Spain,2022/7/1,800,0,0,0
Spain,2022/7/2,800,0,0,0
Spain,2022/7/3,800,0,0,0
Spain,2022/7/4,800,0,0,0
Spain,2022/7/5,1256,0,456,0
Spain,2022/7/6,1477,0,221,0
Spain,2022/7/7,1477,0,0,0
Spain,2022/7/8,1477,0,0,0
Spain,2022/7/9,1477,0,0,0
Spain,2022/7/10,2034,0,557,0
Spain,2022/7/11,2034,0,0,0
Spain,2022/7/12,2034,0,0,0
Spain,2022/7/13,2447,0,413,0
Spain,2022/7/14,2447,0,0,0
Spain,2022/7/15,2447,0,0,0
Spain,2022/7/16,2447,0,0,0
Spain,2022/7/17,2447,0,0,0
Spain,2022/7/18,2835,0,388,0
Spain,2022/7/19,2835,0,0,0
Spain,2022/7/20,3125,0,290,0
Spain,2022/7/21,3125,0,0,0
Spain,2022/7/22,3125,0,0,0
Spain,2022/7/23,3125,0,0,0
Spain,2022/7/24,3125,0,0,0
Spain,2022/7/25,3151,0,26,0
Spain,2022/7/26,3596,0,445,0
Spain,2022/7/27,3738,0,142,0
Spain,2022/7/28,3738,0,0,0
Spain,2022/7/29,3738,0,0,0
Spain,2022/7/30,3738,0,0,0
Spain,2022/7/31,3738,0,0,0
Spain,2022/8/1,4298,0,560,0
Spain,2022/8/2,4577,2,279,2
Spain,2022/8/3,4577,2,0,0
Spain,2022/8/4,4577,2,0,0
Spain,2022/8/5,4577,2,0,0
Spain,2022/8/6,4577,2,0,0
Spain,2022/8/7,4577,2,0,0
Spain,2022/8/8,4942,2,365,0
Spain,2022/8/9,5162,2,220,0
Spain,2022/8/10,5162,2,0,0
Spain,2022/8/11,5270,2,108,0
Spain,2022/8/12,5270,2,0,0
Spain,2022/8/13,5270,2,0,0
Spain,2022/8/14,5719,2,449,0
Spain,2022/8/15,5719,2,0,0
Spain,2022/8/16,5719,2,0,0
Spain,2022/8/17,5792,2,73,0
Spain,2022/8/18,5792,2,0,0
Spain,2022/8/19,5792,2,0,0
Spain,2022/8/20,5792,2,0,0
Spain,2022/8/21,5792,2,0,0
Spain,2022/8/22,6119,2,327,0
Spain,2022/8/23,6283,2,164,0
Spain,2022/8/24,6284,2,1,0
Spain,2022/8/25,6284,2,0,0
Spain,2022/8/26,6459,2,175,0
Spain,2022/8/27,6459,2,0,0
Spain,2022/8/28,6459,2,0,0
Spain,2022/8/29,6459,2,0,0
Spain,2022/8/30,6543,2,84,0
Spain,2022/8/31,6543,2,0,0
Spain,2022/9/1,6543,2,0,0
Spain,2022/9/2,6543,2,0,0
Spain,2022/9/3,6543,2,0,0
Spain,2022/9/4,6645,2,102,0
Spain,2022/9/5,6645,2,0,0
Spain,2022/9/6,6749,2,104,0
Spain,2022/9/7,6749,2,0,0
Spain,2022/9/8,6749,2,0,0
Spain,2022/9/9,6749,2,0,0
Spain,2022/9/10,6749,2,0,0
Spain,2022/9/11,6892,2,143,0
Spain,2022/9/12,6892,2,0,0
Spain,2022/9/13,6947,2,55,0
Spain,2022/9/14,6947,2,0,0
Spain,2022/9/15,6947,2,0,0
Spain,2022/9/16,6947,2,0,0
Spain,2022/9/17,6947,2,0,0
Spain,2022/9/18,6947,2,0,0
Spain,2022/9/19,7037,2,90,0
Spain,2022/9/20,7083,2,46,0
Spain,2022/9/21,7083,2,0,0
Spain,2022/9/22,7083,2,0,0
Spain,2022/9/23,7083,2,0,0
Spain,2022/9/24,7083,2,0,0
Spain,2022/9/25,7083,2,0,0
Spain,2022/9/26,7122,2,39,0
Spain,2022/9/27,7149,2,27,0
Spain,2022/9/28,7149,2,0,0
Spain,2022/9/29,7149,2,0,0
Spain,2022/9/30,7188,2,39,0
Spain,2022/10/1,7188,2,0,0
Spain,2022/10/2,7188,2,0,0
Spain,2022/10/3,7188,2,0,0
Spain,2022/10/4,7209,2,21,0
Spain,2022/10/5,7209,2,0,0
Spain,2022/10/6,7209,2,0,0
Spain,2022/10/7,7209,2,0,0
Spain,2022/10/8,7209,2,0,0
Spain,2022/10/9,7209,2,0,0
Spain,2022/10/10,7219,2,10,0
Spain,2022/10/11,7239,2,20,0
Spain,2022/10/12,7239,2,0,0
Spain,2022/10/13,7239,2,0,0
Spain,2022/10/14,7239,2,0,0
Spain,2022/10/15,7239,2,0,0
Spain,2022/10/16,7239,2,0,0
Spain,2022/10/17,7239,2,0,0
Spain,2022/10/18,7239,2,0,0
Spain,2022/10/19,7277,2,38,0
Spain,2022/10/20,7277,2,0,0
Spain,2022/10/21,7277,2,0,0
Spain,2022/10/22,7277,2,0,0
Spain,2022/10/23,7277,2,0,0
Spain,2022/10/24,7277,2,0,0
Spain,2022/10/25,7317,2,40,0
Spain,2022/10/26,7317,2,0,0
Spain,2022/10/27,7317,2,0,0
Spain,2022/10/28,7317,2,0,0
Spain,2022/10/29,7317,2,0,0
Spain,2022/10/30,7317,2,0,0
Spain,2022/10/31,7317,2,0,0
England,2022/5/7,1,0,1,0
England,2022/5/8,1,0,0,0
England,2022/5/9,1,0,0,0
England,2022/5/10,1,0,0,0
England,2022/5/11,1,0,0,0
England,2022/5/12,1,0,0,0
England,2022/5/13,1,0,0,0
England,2022/5/14,3,0,2,0
England,2022/5/15,3,0,0,0
England,2022/5/16,7,0,4,0
England,2022/5/17,7,0,0,0
England,2022/5/18,9,0,2,0
England,2022/5/19,9,0,0,0
England,2022/5/20,20,0,11,0
England,2022/5/21,29,0,9,0
England,2022/5/22,29,0,0,0
England,2022/5/23,56,0,27,0
England,2022/5/24,71,0,15,0
England,2022/5/25,71,0,0,0
England,2022/5/26,90,0,19,0
England,2022/5/27,106,0,16,0
England,2022/5/28,106,0,0,0
England,2022/5/29,106,0,0,0
England,2022/5/30,179,0,73,0
England,2022/5/31,190,0,11,0
England,2022/6/1,196,0,6,0
England,2022/6/2,207,0,11,0
England,2022/6/3,225,0,18,0
England,2022/6/4,225,0,0,0
England,2022/6/5,225,0,0,0
England,2022/6/6,302,0,77,0
England,2022/6/7,302,0,0,0
England,2022/6/8,321,0,19,0
England,2022/6/9,321,0,0,0
England,2022/6/10,366,0,45,0
England,2022/6/11,366,0,0,0
England,2022/6/12,366,0,0,0
England,2022/6/13,470,0,104,0
England,2022/6/14,470,0,0,0
England,2022/6/15,524,0,54,0
England,2022/6/16,524,0,0,0
England,2022/6/17,574,0,50,0
England,2022/6/18,574,0,0,0
England,2022/6/19,574,0,0,0
England,2022/6/20,793,0,219,0
England,2022/6/21,793,0,0,0
England,2022/6/22,793,0,0,0
England,2022/6/23,910,0,117,0
England,2022/6/24,910,0,0,0
England,2022/6/25,910,0,0,0
England,2022/6/26,910,0,0,0
England,2022/6/27,910,0,0,0
England,2022/6/28,1076,0,166,0
England,2022/6/29,1076,0,0,0
England,2022/6/30,1235,0,159,0
England,2022/7/1,1235,0,0,0
England,2022/7/2,1235,0,0,0
England,2022/7/3,1235,0,0,0
England,2022/7/4,1235,0,0,0
England,2022/7/5,1235,0,0,0
England,2022/7/6,1351,0,116,0
England,2022/7/7,1351,0,0,0
England,2022/7/8,1351,0,0,0
England,2022/7/9,1351,0,0,0
England,2022/7/10,1552,0,201,0
England,2022/7/11,1552,0,0,0
England,2022/7/12,1735,0,183,0
England,2022/7/13,1735,0,0,0
England,2022/7/14,1735,0,0,0
England,2022/7/15,1735,0,0,0
England,2022/7/16,1735,0,0,0
England,2022/7/17,1735,0,0,0
England,2022/7/18,1856,0,121,0
England,2022/7/19,2115,0,259,0
England,2022/7/20,2137,0,22,0
England,2022/7/21,2137,0,0,0
England,2022/7/22,2137,0,0,0
England,2022/7/23,2137,0,0,0
England,2022/7/24,2137,0,0,0
England,2022/7/25,2208,0,71,0
England,2022/7/26,2208,0,0,0
England,2022/7/27,2432,0,224,0
England,2022/7/28,2432,0,0,0
England,2022/7/29,2432,0,0,0
England,2022/7/30,2432,0,0,0
England,2022/7/31,2432,0,0,0
England,2022/8/1,2546,0,114,0
England,2022/8/2,2759,0,213,0
England,2022/8/3,2759,0,0,0
England,2022/8/4,2759,0,0,0
England,2022/8/5,2759,0,0,0
England,2022/8/6,2759,0,0,0
England,2022/8/7,2759,0,0,0
England,2022/8/8,2859,0,100,0
England,2022/8/9,2973,0,114,0
England,2022/8/10,3017,0,44,0
England,2022/8/11,3017,0,0,0
England,2022/8/12,3017,0,0,0
England,2022/8/13,3017,0,0,0
England,2022/8/14,3037,0,20,0
England,2022/8/15,3037,0,0,0
England,2022/8/16,3055,0,18,0
England,2022/8/17,3055,0,0,0
England,2022/8/18,3195,0,140,0
England,2022/8/19,3195,0,0,0
England,2022/8/20,3195,0,0,0
England,2022/8/21,3195,0,0,0
England,2022/8/22,3225,0,30,0
England,2022/8/23,3340,0,115,0
England,2022/8/24,3340,0,0,0
England,2022/8/25,3340,0,0,0
England,2022/8/26,3340,0,0,0
England,2022/8/27,3340,0,0,0
England,2022/8/28,3340,0,0,0
England,2022/8/29,3340,0,0,0
England,2022/8/30,3340,0,0,0
England,2022/8/31,3413,0,73,0
England,2022/9/1,3413,0,0,0
England,2022/9/2,3413,0,0,0
England,2022/9/3,3413,0,0,0
England,2022/9/4,3413,0,0,0
England,2022/9/5,3413,0,0,0
England,2022/9/6,3484,0,71,0
England,2022/9/7,3484,0,0,0
England,2022/9/8,3484,0,0,0
England,2022/9/9,3484,0,0,0
England,2022/9/10,3484,0,0,0
England,2022/9/11,3484,0,0,0
England,2022/9/12,3484,0,0,0
England,2022/9/13,3552,0,68,0
England,2022/9/14,3552,0,0,0
England,2022/9/15,3552,0,0,0
England,2022/9/16,3552,0,0,0
England,2022/9/17,3552,0,0,0
England,2022/9/18,3552,0,0,0
England,2022/9/19,3552,0,0,0
England,2022/9/20,3552,0,0,0
England,2022/9/21,3585,0,33,0
England,2022/9/22,3585,0,0,0
England,2022/9/23,3585,0,0,0
England,2022/9/24,3585,0,0,0
England,2022/9/25,3585,0,0,0
England,2022/9/26,3585,0,0,0
England,2022/9/27,3635,0,50,0
England,2022/9/28,3635,0,0,0
England,2022/9/29,3635,0,0,0
England,2022/9/30,3635,0,0,0
England,2022/10/1,3635,0,0,0
England,2022/10/2,3635,0,0,0
England,2022/10/3,3635,0,0,0
England,2022/10/4,3654,0,19,0
England,2022/10/5,3654,0,0,0
England,2022/10/6,3654,0,0,0
England,2022/10/7,3654,0,0,0
England,2022/10/8,3654,0,0,0
England,2022/10/9,3654,0,0,0
England,2022/10/10,3654,0,0,0
England,2022/10/11,3654,0,0,0
England,2022/10/12,3654,0,0,0
England,2022/10/13,3654,0,0,0
England,2022/10/14,3654,0,0,0
England,2022/10/15,3654,0,0,0
England,2022/10/16,3654,0,0,0
England,2022/10/17,3673,0,19,0
England,2022/10/18,3673,0,0,0
England,2022/10/19,3686,0,13,0
England,2022/10/20,3686,0,0,0
England,2022/10/21,3686,0,0,0
England,2022/10/22,3686,0,0,0
England,2022/10/23,3686,0,0,0
England,2022/10/24,3686,0,0,0
England,2022/10/25,3698,0,12,0
England,2022/10/26,3698,0,0,0
England,2022/10/27,3698,0,0,0
England,2022/10/28,3698,0,0,0
England,2022/10/29,3698,0,0,0
England,2022/10/30,3698,0,0,0
England,2022/10/31,3698,0,0,0
United States,2022/6/3,19,0,19,0
United States,2022/6/4,21,0,2,0
United States,2022/6/5,25,0,4,0
United States,2022/6/6,25,0,0,0
United States,2022/6/7,25,0,0,0
United States,2022/6/8,32,0,7,0
United States,2022/6/9,37,0,5,0
United States,2022/6/10,40,0,3,0
United States,2022/6/11,49,0,9,0
United States,2022/6/12,49,0,0,0
United States,2022/6/13,51,0,2,0
United States,2022/6/14,65,0,14,0
United States,2022/6/15,65,0,0,0
United States,2022/6/16,72,0,7,0
United States,2022/6/17,84,0,12,0
United States,2022/6/18,100,0,16,0
United States,2022/6/19,113,0,13,0
United States,2022/6/20,113,0,0,0
United States,2022/6/21,113,0,0,0
United States,2022/6/22,113,0,0,0
United States,2022/6/23,142,0,29,0
United States,2022/6/24,173,0,31,0
United States,2022/6/25,175,0,2,0
United States,2022/6/26,199,0,24,0
United States,2022/6/27,199,0,0,0
United States,2022/6/28,201,0,2,0
United States,2022/6/29,244,0,43,0
United States,2022/6/30,306,0,62,0
United States,2022/7/1,351,0,45,0
United States,2022/7/2,396,0,45,0
United States,2022/7/3,396,0,0,0
United States,2022/7/4,396,0,0,0
United States,2022/7/5,460,0,64,0
United States,2022/7/6,460,0,0,0
United States,2022/7/7,560,0,100,0
United States,2022/7/8,605,0,45,0
United States,2022/7/9,699,0,94,0
United States,2022/7/10,699,0,0,0
United States,2022/7/11,699,0,0,0
United States,2022/7/12,766,0,67,0
United States,2022/7/13,865,0,99,0
United States,2022/7/14,929,0,64,0
United States,2022/7/15,1049,0,120,0
United States,2022/7/16,1466,0,417,0
United States,2022/7/17,1466,0,0,0
United States,2022/7/18,1466,0,0,0
United States,2022/7/19,1810,0,344,0
United States,2022/7/20,1965,0,155,0
United States,2022/7/21,2102,0,137,0
United States,2022/7/22,2316,0,214,0
United States,2022/7/23,2582,0,266,0
United States,2022/7/24,2582,0,0,0
United States,2022/7/25,2582,0,0,0
United States,2022/7/26,2881,0,299,0
United States,2022/7/27,3478,0,597,0
United States,2022/7/28,3581,0,103,0
United States,2022/7/29,4629,0,1048,0
United States,2022/7/30,4897,0,268,0
United States,2022/7/31,4897,0,0,0
United States,2022/8/1,4897,0,0,0
United States,2022/8/2,5175,0,278,0
United States,2022/8/3,5825,0,650,0
United States,2022/8/4,6307,0,482,0
United States,2022/8/5,6598,0,291,0
United States,2022/8/6,7083,0,485,0
United States,2022/8/7,7510,0,427,0
United States,2022/8/8,7510,0,0,0
United States,2022/8/9,7510,0,0,0
United States,2022/8/10,8902,0,1392,0
United States,2022/8/11,9460,0,558,0
United States,2022/8/12,10360,0,900,0
United States,2022/8/13,10725,0,365,0
United States,2022/8/14,10725,0,0,0
United States,2022/8/15,10725,0,0,0
United States,2022/8/16,11129,0,404,0
United States,2022/8/17,11915,0,786,0
United States,2022/8/18,12743,0,828,0
United States,2022/8/19,13451,0,708,0
United States,2022/8/20,14049,0,598,0
United States,2022/8/21,14049,0,0,0
United States,2022/8/22,14049,0,0,0
United States,2022/8/23,14049,0,0,0
United States,2022/8/24,15356,0,1307,0
United States,2022/8/25,15877,0,521,0
United States,2022/8/26,16513,0,636,0
United States,2022/8/27,16965,0,452,0
United States,2022/8/28,16965,0,0,0
United States,2022/8/29,16965,0,0,0
United States,2022/8/30,17333,0,368,0
United States,2022/8/31,17994,0,661,0
United States,2022/9/1,18303,0,309,0
United States,2022/9/2,18875,0,572,0
United States,2022/9/3,19351,0,476,0
United States,2022/9/4,19351,0,0,0
United States,2022/9/5,19351,0,0,0
United States,2022/9/6,19851,0,500,0
United States,2022/9/7,19851,0,0,0
United States,2022/9/8,20607,0,756,0
United States,2022/9/9,21274,0,667,0
United States,2022/9/10,21504,0,230,0
United States,2022/9/11,21504,0,0,0
United States,2022/9/12,21504,0,0,0
United States,2022/9/13,21504,0,0,0
United States,2022/9/14,21834,0,330,0
United States,2022/9/15,22479,0,645,0
United States,2022/9/16,22616,0,137,0
United States,2022/9/17,22957,0,341,0
United States,2022/9/18,22957,0,0,0
United States,2022/9/19,22957,0,0,0
United States,2022/9/20,23336,0,379,0
United States,2022/9/21,24040,1,704,1
United States,2022/9/22,24040,1,0,0
United States,2022/9/23,24197,1,157,0
United States,2022/9/24,24402,1,205,0
United States,2022/9/25,24402,1,0,0
United States,2022/9/26,24402,1,0,0
United States,2022/9/27,24990,1,588,0
United States,2022/9/28,25169,1,179,0
United States,2022/9/29,25330,1,161,0
United States,2022/9/30,25434,1,104,0
United States,2022/10/1,25434,1,0,0
United States,2022/10/2,25434,1,0,0
United States,2022/10/3,25434,1,0,0
United States,2022/10/4,25672,2,238,1
United States,2022/10/5,26594,2,922,0
United States,2022/10/6,26594,2,0,0
United States,2022/10/7,26594,2,0,0
United States,2022/10/8,26594,2,0,0
United States,2022/10/9,26594,2,0,0
United States,2022/10/10,26594,2,0,0
United States,2022/10/11,26594,2,0,0
United States,2022/10/12,26594,2,0,0
United States,2022/10/13,26834,2,240,0
United States,2022/10/14,26908,2,74,0
United States,2022/10/15,27128,2,220,0
United States,2022/10/16,27128,2,0,0
United States,2022/10/17,27128,2,0,0
United States,2022/10/18,27128,2,0,0
United States,2022/10/19,27367,3,239,1
United States,2022/10/20,27444,4,77,1
United States,2022/10/21,27444,4,0,0
United States,2022/10/22,27689,5,245,1
United States,2022/10/23,27689,5,0,0
United States,2022/10/24,27689,5,0,0
United States,2022/10/25,27689,6,0,1
United States,2022/10/26,27809,6,120,0
United States,2022/10/27,27866,6,57,0
United States,2022/10/28,28049,6,183,0
United States,2022/10/29,28049,6,0,0
United States,2022/10/30,28049,6,0,0
United States,2022/10/31,28049,6,0,0
